{"MAE":{"CatBoostRegressor":2756.8710794665},"MSE":{"CatBoostRegressor":3578903366.7236495018},"R2":{"CatBoostRegressor":0.9462081865},"MAPE":{"CatBoostRegressor":1079037788502263.0}}