{"MAE":{"LinearRegression":3114.6289030352},"MSE":{"LinearRegression":204286497.0610542595},"R2":{"LinearRegression":0.9969295228},"MAPE":{"LinearRegression":383359110384854.4375}}