{"MAE":{"RandomForestRegressor":120.8434910072},"MSE":{"RandomForestRegressor":39163032.5263947546},"R2":{"RandomForestRegressor":0.9994113698},"MAPE":{"RandomForestRegressor":148179124642.611328125}}